USE [PTTK_ABC]
GO
SET IDENTITY_INSERT [dbo].[THANHVIEN] ON 
GO
INSERT [dbo].[THANHVIEN] ([IDThanhVien], [TenDangNhap], [Ten], [Email], [MatKhau], [LoaiThanhVien]) VALUES (1, N'nv29', N'Gregory Hancock', N'nprequlk.yhkavqseju@qoxsbvd.vcfffj.org', N'6695', N'NHANVIEN')
GO
INSERT [dbo].[THANHVIEN] ([IDThanhVien], [TenDangNhap], [Ten], [Email], [MatKhau], [LoaiThanhVien]) VALUES (2, N'uv06', N'Sherry Conway', N'jcaqiwxb.rnlwwkn@skvsplegh.sseeao.org', N'1295', N'DOANHNGHIEP')
GO
INSERT [dbo].[THANHVIEN] ([IDThanhVien], [TenDangNhap], [Ten], [Email], [MatKhau], [LoaiThanhVien]) VALUES (3, N'nv84', N'Tracey Riggs', N'ilykvct.mvjfkskd@pqwdstppc.eizuwp.org', N'2949', N'UNGVIEN')
GO
INSERT [dbo].[THANHVIEN] ([IDThanhVien], [TenDangNhap], [Ten], [Email], [MatKhau], [LoaiThanhVien]) VALUES (4, N'uv92', N'Jess Espinoza', N'qfzyotd.uwdnfcwli@jheikonb.uvvp-o.com', N'1558', N'NHANVIEN')
GO
INSERT [dbo].[THANHVIEN] ([IDThanhVien], [TenDangNhap], [Ten], [Email], [MatKhau], [LoaiThanhVien]) VALUES (5, N'nv46', N'Ted Cantrell', N'hdgbjvni.rknjkjeyve@uroiigl.tpakvy.org', N'6129', N'NHANVIEN')
GO
INSERT [dbo].[THANHVIEN] ([IDThanhVien], [TenDangNhap], [Ten], [Email], [MatKhau], [LoaiThanhVien]) VALUES (6, N'nv02', N'Marty Houston', N'gbapxio.lmmahdf@ndmivel.c-dlrs.com', N'5938', N'DOANHNGHIEP')
GO
INSERT [dbo].[THANHVIEN] ([IDThanhVien], [TenDangNhap], [Ten], [Email], [MatKhau], [LoaiThanhVien]) VALUES (7, N'dn65', N'Jamison English', N'mhceyab.sxprldv@tqgnjyqrg.-adsuh.com', N'3145', N'UNGVIEN')
GO
INSERT [dbo].[THANHVIEN] ([IDThanhVien], [TenDangNhap], [Ten], [Email], [MatKhau], [LoaiThanhVien]) VALUES (8, N'dn26', N'Marlene Ali', N'aduttxf.jgkrfevg@hqvuovt.onuhk-.org', N'1996', N'DOANHNGHIEP')
GO
INSERT [dbo].[THANHVIEN] ([IDThanhVien], [TenDangNhap], [Ten], [Email], [MatKhau], [LoaiThanhVien]) VALUES (9, N'uv38', N'Chadwick Kaiser', N'vtseyw.vwsxdcrdxx@occqlddb.hqnhzq.org', N'7471', N'NHANVIEN')
GO
INSERT [dbo].[THANHVIEN] ([IDThanhVien], [TenDangNhap], [Ten], [Email], [MatKhau], [LoaiThanhVien]) VALUES (10, N'uv11', N'Nathaniel Lambert', N'xrryslba.jnlrdjym@vcqonai.dstakf.com', N'7884', N'DOANHNGHIEP')
GO
INSERT [dbo].[THANHVIEN] ([IDThanhVien], [TenDangNhap], [Ten], [Email], [MatKhau], [LoaiThanhVien]) VALUES (11, N'nv33', N'Rodolfo Black', N'gbifaak.uhwmuauz@thkrbkuq.onpmps.net', N'6122', N'NHANVIEN')
GO
INSERT [dbo].[THANHVIEN] ([IDThanhVien], [TenDangNhap], [Ten], [Email], [MatKhau], [LoaiThanhVien]) VALUES (12, N'uv57', N'Michael Watkins', N'agwulqc.deiyxjlein@gcrbkjba.hvawco.net', N'5495', N'DOANHNGHIEP')
GO
INSERT [dbo].[THANHVIEN] ([IDThanhVien], [TenDangNhap], [Ten], [Email], [MatKhau], [LoaiThanhVien]) VALUES (13, N'nv56', N'Robert Harrison', N'dbhezmkm.axkolgp@evrxya.nifrwn.org', N'1815', N'DOANHNGHIEP')
GO
INSERT [dbo].[THANHVIEN] ([IDThanhVien], [TenDangNhap], [Ten], [Email], [MatKhau], [LoaiThanhVien]) VALUES (14, N'dn00', N'Shelley Bennett', N'lysqulwp.xmrsppjjwb@qxxaua.paskon.net', N'0599', N'NHANVIEN')
GO
INSERT [dbo].[THANHVIEN] ([IDThanhVien], [TenDangNhap], [Ten], [Email], [MatKhau], [LoaiThanhVien]) VALUES (15, N'uv95', N'Randolph Meza', N'teyrxim.ohabztsgjz@oudafep.hdwdfv.net', N'1583', N'UNGVIEN')
GO
INSERT [dbo].[THANHVIEN] ([IDThanhVien], [TenDangNhap], [Ten], [Email], [MatKhau], [LoaiThanhVien]) VALUES (16, N'dn46', N'Mandy Bridges', N'olfwoinc.yyahuqg@rjyahmq.jukkxr.net', N'1314', N'NHANVIEN')
GO
INSERT [dbo].[THANHVIEN] ([IDThanhVien], [TenDangNhap], [Ten], [Email], [MatKhau], [LoaiThanhVien]) VALUES (17, N'dn81', N'Ebony Zhang', N'olbftmbw.rgluwzaotm@zikswzhnn.mnzfwp.org', N'7191', N'UNGVIEN')
GO
INSERT [dbo].[THANHVIEN] ([IDThanhVien], [TenDangNhap], [Ten], [Email], [MatKhau], [LoaiThanhVien]) VALUES (18, N'dn71', N'Doris Mccann', N'uagvgayd.ulspoyz@rblyfmtwa.pjsank.net', N'2816', N'NHANVIEN')
GO
INSERT [dbo].[THANHVIEN] ([IDThanhVien], [TenDangNhap], [Ten], [Email], [MatKhau], [LoaiThanhVien]) VALUES (19, N'nv73', N'Charity Savage', N'jnivrly.qzjjwsige@nwqrahf.fieept.net', N'7932', N'UNGVIEN')
GO
INSERT [dbo].[THANHVIEN] ([IDThanhVien], [TenDangNhap], [Ten], [Email], [MatKhau], [LoaiThanhVien]) VALUES (20, N'dn80', N'Raul Cohen', N'zhizehj.rbmegnc@tphgize.eiaqlv.org', N'9219', N'NHANVIEN')
GO
INSERT [dbo].[THANHVIEN] ([IDThanhVien], [TenDangNhap], [Ten], [Email], [MatKhau], [LoaiThanhVien]) VALUES (21, N'nv80', N'Jeremiah Cummings', N'kmwxyfux.mfqnejf@nbmrebj.gusjku.com', N'2880', N'DOANHNGHIEP')
GO
INSERT [dbo].[THANHVIEN] ([IDThanhVien], [TenDangNhap], [Ten], [Email], [MatKhau], [LoaiThanhVien]) VALUES (22, N'nv74', N'Jared Huerta', N'pgsstnvx.ybehbdd@tbvjfgio.-jlrhn.org', N'0292', N'DOANHNGHIEP')
GO
INSERT [dbo].[THANHVIEN] ([IDThanhVien], [TenDangNhap], [Ten], [Email], [MatKhau], [LoaiThanhVien]) VALUES (23, N'dn94', N'Alyssa Murray', N'ppcgovhv.eobpoix@oehnjjj.jfhkhj.net', N'1252', N'NHANVIEN')
GO
INSERT [dbo].[THANHVIEN] ([IDThanhVien], [TenDangNhap], [Ten], [Email], [MatKhau], [LoaiThanhVien]) VALUES (24, N'uv16', N'Sheri Montoya', N'ojiyfmf.eqkuxy@yarbcjz.yxwqcy.net', N'0992', N'UNGVIEN')
GO
INSERT [dbo].[THANHVIEN] ([IDThanhVien], [TenDangNhap], [Ten], [Email], [MatKhau], [LoaiThanhVien]) VALUES (25, N'dn82', N'Dante Choi', N'ltpfgvhx.ctjjdkpkzu@bhatiwynp.wtsfpd.org', N'2335', N'NHANVIEN')
GO
INSERT [dbo].[THANHVIEN] ([IDThanhVien], [TenDangNhap], [Ten], [Email], [MatKhau], [LoaiThanhVien]) VALUES (26, N'uv22', N'Isabel Logan', N'yqrghaiu.rxjjlgpd@hdelmdipl.aeksir.org', N'2169', N'DOANHNGHIEP')
GO
INSERT [dbo].[THANHVIEN] ([IDThanhVien], [TenDangNhap], [Ten], [Email], [MatKhau], [LoaiThanhVien]) VALUES (27, N'nv66', N'Lawrence Maldonado', N'bwzchqj.onmjmtr@ygwolwuzt.ydphzv.com', N'9220', N'UNGVIEN')
GO
INSERT [dbo].[THANHVIEN] ([IDThanhVien], [TenDangNhap], [Ten], [Email], [MatKhau], [LoaiThanhVien]) VALUES (28, N'uv25', N'Wendi Harper', N'sgcdszl.vnxobjoe@icitaw.ybvwhx.org', N'8287', N'UNGVIEN')
GO
INSERT [dbo].[THANHVIEN] ([IDThanhVien], [TenDangNhap], [Ten], [Email], [MatKhau], [LoaiThanhVien]) VALUES (29, N'dn66', N'Regina Wade', N'sykgjoc.qrxhycajzn@rskccca.tdcoyi.com', N'9999', N'UNGVIEN')
GO
INSERT [dbo].[THANHVIEN] ([IDThanhVien], [TenDangNhap], [Ten], [Email], [MatKhau], [LoaiThanhVien]) VALUES (30, N'uv31', N'Mickey Rojas', N'syxydh.gtwocympth@iwhqvqv.jmngyu.com', N'5414', N'UNGVIEN')
GO
INSERT [dbo].[THANHVIEN] ([IDThanhVien], [TenDangNhap], [Ten], [Email], [MatKhau], [LoaiThanhVien]) VALUES (31, N'uv13', N'Craig Torres', N'jbbncj.aigvdz@ywowfbmj.hvxgmx.com', N'9389', N'UNGVIEN')
GO
INSERT [dbo].[THANHVIEN] ([IDThanhVien], [TenDangNhap], [Ten], [Email], [MatKhau], [LoaiThanhVien]) VALUES (32, N'nv82', N'Brenda Marsh', N'cnwebmmb.pdpbqhogbw@xvvgohz.qcdbqd.org', N'9534', N'UNGVIEN')
GO
INSERT [dbo].[THANHVIEN] ([IDThanhVien], [TenDangNhap], [Ten], [Email], [MatKhau], [LoaiThanhVien]) VALUES (33, N'uv43', N'Cameron Camacho', N'lljpors.rtkxzaa@ftncdykof.uviqnp.net', N'8590', N'UNGVIEN')
GO
INSERT [dbo].[THANHVIEN] ([IDThanhVien], [TenDangNhap], [Ten], [Email], [MatKhau], [LoaiThanhVien]) VALUES (34, N'nv60', N'Miranda Randolph', N'qcsopuv.axwwquvj@aoixsuekt.udgips.org', N'9052', N'UNGVIEN')
GO
INSERT [dbo].[THANHVIEN] ([IDThanhVien], [TenDangNhap], [Ten], [Email], [MatKhau], [LoaiThanhVien]) VALUES (35, N'dn98', N'Earnest Barnett', N'kdsuggkm.zyxelza@jvbmmrpkw.ovdbkl.com', N'7120', N'DOANHNGHIEP')
GO
INSERT [dbo].[THANHVIEN] ([IDThanhVien], [TenDangNhap], [Ten], [Email], [MatKhau], [LoaiThanhVien]) VALUES (36, N'uv67', N'Cecil Rojas', N'pjaacyx.tvzswllrcc@lzjkiutvk.ycgoup.net', N'2342', N'NHANVIEN')
GO
INSERT [dbo].[THANHVIEN] ([IDThanhVien], [TenDangNhap], [Ten], [Email], [MatKhau], [LoaiThanhVien]) VALUES (37, N'dn54', N'Beth Henderson', N'xjbpxzp.fvazdux@zhfkmop.lugqpc.com', N'7016', N'NHANVIEN')
GO
INSERT [dbo].[THANHVIEN] ([IDThanhVien], [TenDangNhap], [Ten], [Email], [MatKhau], [LoaiThanhVien]) VALUES (38, N'uv30', N'Lindsey Ayala', N'ccfjkcx.klsqbgssfg@globsbtn.yzpnsq.com', N'5328', N'UNGVIEN')
GO
INSERT [dbo].[THANHVIEN] ([IDThanhVien], [TenDangNhap], [Ten], [Email], [MatKhau], [LoaiThanhVien]) VALUES (39, N'dn15', N'Serena Mosley', N'xadtenwn.eeggtkrf@hnnksokoi.qzgksp.net', N'3945', N'NHANVIEN')
GO
INSERT [dbo].[THANHVIEN] ([IDThanhVien], [TenDangNhap], [Ten], [Email], [MatKhau], [LoaiThanhVien]) VALUES (40, N'nv89', N'Teri Miranda', N'qexpukt.jptpnuhkat@uxdezmxe.r-nijk.net', N'3991', N'NHANVIEN')
GO
INSERT [dbo].[THANHVIEN] ([IDThanhVien], [TenDangNhap], [Ten], [Email], [MatKhau], [LoaiThanhVien]) VALUES (41, N'uv41', N'Alfredo Shaffer', N'ncwsdjk.xgrzvrq@etxhnlghn.bkusym.org', N'4885', N'NHANVIEN')
GO
INSERT [dbo].[THANHVIEN] ([IDThanhVien], [TenDangNhap], [Ten], [Email], [MatKhau], [LoaiThanhVien]) VALUES (42, N'nv11', N'Kendall Odonnell', N'spqsuf.vacprxajj@ujhnbiak.j-gelz.com', N'8189', N'NHANVIEN')
GO
INSERT [dbo].[THANHVIEN] ([IDThanhVien], [TenDangNhap], [Ten], [Email], [MatKhau], [LoaiThanhVien]) VALUES (43, N'nv12', N'Keisha Cochran', N'czicfcd.aebhrbob@nlhbnf.zkyzyo.net', N'6002', N'NHANVIEN')
GO
INSERT [dbo].[THANHVIEN] ([IDThanhVien], [TenDangNhap], [Ten], [Email], [MatKhau], [LoaiThanhVien]) VALUES (44, N'uv63', N'Lewis Bates', N'mbrkvfpx.nmcxmwqnlj@knqaujhya.xwhzfj.com', N'8338', N'DOANHNGHIEP')
GO
INSERT [dbo].[THANHVIEN] ([IDThanhVien], [TenDangNhap], [Ten], [Email], [MatKhau], [LoaiThanhVien]) VALUES (45, N'uv56', N'Ted Blake', N'buumpl.xmncokjzgi@rehhhsa.uhyzrw.net', N'5772', N'UNGVIEN')
GO
INSERT [dbo].[THANHVIEN] ([IDThanhVien], [TenDangNhap], [Ten], [Email], [MatKhau], [LoaiThanhVien]) VALUES (46, N'uv58', N'Matthew Blevins', N'gljkvjct.dwzjdx@gnzhkpc.prfsfd.com', N'7666', N'UNGVIEN')
GO
INSERT [dbo].[THANHVIEN] ([IDThanhVien], [TenDangNhap], [Ten], [Email], [MatKhau], [LoaiThanhVien]) VALUES (47, N'dn07', N'Marcella Morton', N'pkioas.xnuteehim@ouroqb.xejjba.net', N'3438', N'NHANVIEN')
GO
INSERT [dbo].[THANHVIEN] ([IDThanhVien], [TenDangNhap], [Ten], [Email], [MatKhau], [LoaiThanhVien]) VALUES (48, N'uv93', N'Nakia Barnett', N'aldjks.byfhxtc@vcoozigg.giyyuw.com', N'9260', N'DOANHNGHIEP')
GO
INSERT [dbo].[THANHVIEN] ([IDThanhVien], [TenDangNhap], [Ten], [Email], [MatKhau], [LoaiThanhVien]) VALUES (49, N'uv97', N'Ray Vance', N'rlxbffui.htgyhte@rxxhyyby.wbzsag.org', N'4439', N'DOANHNGHIEP')
GO
INSERT [dbo].[THANHVIEN] ([IDThanhVien], [TenDangNhap], [Ten], [Email], [MatKhau], [LoaiThanhVien]) VALUES (50, N'dn95', N'Damon Mc Carthy', N'zpqpdfmu.mwrvmmi@tsqwqbmfa.vywlel.net', N'2911', N'UNGVIEN')
GO
SET IDENTITY_INSERT [dbo].[THANHVIEN] OFF
GO
INSERT [dbo].[UNGVIEN] ([IDUngVien], [NgaySinh]) VALUES (3, CAST(N'2004-09-22' AS Date))
GO
INSERT [dbo].[UNGVIEN] ([IDUngVien], [NgaySinh]) VALUES (7, CAST(N'1994-02-09' AS Date))
GO
INSERT [dbo].[UNGVIEN] ([IDUngVien], [NgaySinh]) VALUES (15, CAST(N'1995-06-12' AS Date))
GO
INSERT [dbo].[UNGVIEN] ([IDUngVien], [NgaySinh]) VALUES (17, CAST(N'2003-10-15' AS Date))
GO
INSERT [dbo].[UNGVIEN] ([IDUngVien], [NgaySinh]) VALUES (19, CAST(N'1998-10-20' AS Date))
GO
INSERT [dbo].[UNGVIEN] ([IDUngVien], [NgaySinh]) VALUES (24, CAST(N'1994-05-26' AS Date))
GO
INSERT [dbo].[UNGVIEN] ([IDUngVien], [NgaySinh]) VALUES (27, CAST(N'2000-04-25' AS Date))
GO
INSERT [dbo].[UNGVIEN] ([IDUngVien], [NgaySinh]) VALUES (28, CAST(N'1997-06-24' AS Date))
GO
INSERT [dbo].[UNGVIEN] ([IDUngVien], [NgaySinh]) VALUES (29, CAST(N'1994-05-23' AS Date))
GO
INSERT [dbo].[UNGVIEN] ([IDUngVien], [NgaySinh]) VALUES (30, CAST(N'1990-11-04' AS Date))
GO
INSERT [dbo].[UNGVIEN] ([IDUngVien], [NgaySinh]) VALUES (31, CAST(N'2001-10-18' AS Date))
GO
INSERT [dbo].[UNGVIEN] ([IDUngVien], [NgaySinh]) VALUES (32, CAST(N'1994-12-31' AS Date))
GO
INSERT [dbo].[UNGVIEN] ([IDUngVien], [NgaySinh]) VALUES (33, CAST(N'2003-11-27' AS Date))
GO
INSERT [dbo].[UNGVIEN] ([IDUngVien], [NgaySinh]) VALUES (34, CAST(N'2000-08-06' AS Date))
GO
INSERT [dbo].[UNGVIEN] ([IDUngVien], [NgaySinh]) VALUES (38, CAST(N'1999-12-19' AS Date))
GO
INSERT [dbo].[UNGVIEN] ([IDUngVien], [NgaySinh]) VALUES (45, CAST(N'1993-10-31' AS Date))
GO
INSERT [dbo].[UNGVIEN] ([IDUngVien], [NgaySinh]) VALUES (46, CAST(N'1994-12-28' AS Date))
GO
INSERT [dbo].[UNGVIEN] ([IDUngVien], [NgaySinh]) VALUES (50, CAST(N'1998-06-20' AS Date))
GO
INSERT [dbo].[NHANVIEN] ([IDNhanVien], [VaiTro]) VALUES (1, N'Ban lãnh đạo')
GO
INSERT [dbo].[NHANVIEN] ([IDNhanVien], [VaiTro]) VALUES (4, N'Nhân viên cơ bản')
GO
INSERT [dbo].[NHANVIEN] ([IDNhanVien], [VaiTro]) VALUES (5, N'Nhân viên cơ bản')
GO
INSERT [dbo].[NHANVIEN] ([IDNhanVien], [VaiTro]) VALUES (9, N'Ban lãnh đạo')
GO
INSERT [dbo].[NHANVIEN] ([IDNhanVien], [VaiTro]) VALUES (11, N'Nhân viên cơ bản')
GO
INSERT [dbo].[NHANVIEN] ([IDNhanVien], [VaiTro]) VALUES (14, N'Nhân viên cơ bản')
GO
INSERT [dbo].[NHANVIEN] ([IDNhanVien], [VaiTro]) VALUES (16, N'Nhân viên cơ bản')
GO
INSERT [dbo].[NHANVIEN] ([IDNhanVien], [VaiTro]) VALUES (18, N'Nhân viên cơ bản')
GO
INSERT [dbo].[NHANVIEN] ([IDNhanVien], [VaiTro]) VALUES (20, N'Nhân viên cơ bản')
GO
INSERT [dbo].[NHANVIEN] ([IDNhanVien], [VaiTro]) VALUES (23, N'Ban lãnh đạo')
GO
INSERT [dbo].[NHANVIEN] ([IDNhanVien], [VaiTro]) VALUES (25, N'Nhân viên cơ bản')
GO
INSERT [dbo].[NHANVIEN] ([IDNhanVien], [VaiTro]) VALUES (36, N'Ban lãnh đạo')
GO
INSERT [dbo].[NHANVIEN] ([IDNhanVien], [VaiTro]) VALUES (37, N'Ban lãnh đạo')
GO
INSERT [dbo].[NHANVIEN] ([IDNhanVien], [VaiTro]) VALUES (39, N'Nhân viên cơ bản')
GO
INSERT [dbo].[NHANVIEN] ([IDNhanVien], [VaiTro]) VALUES (40, N'Nhân viên cơ bản')
GO
INSERT [dbo].[NHANVIEN] ([IDNhanVien], [VaiTro]) VALUES (41, N'Nhân viên cơ bản')
GO
INSERT [dbo].[NHANVIEN] ([IDNhanVien], [VaiTro]) VALUES (42, N'Ban lãnh đạo')
GO
INSERT [dbo].[NHANVIEN] ([IDNhanVien], [VaiTro]) VALUES (43, N'Ban lãnh đạo')
GO
INSERT [dbo].[NHANVIEN] ([IDNhanVien], [VaiTro]) VALUES (47, N'Nhân viên cơ bản')
GO
INSERT [dbo].[DOANHNGHIEP] ([IDDoanhNghiep], [MaSoThue], [NguoiDaiDien], [DiaChi], [UuDai]) VALUES (2, N'7628972751', N'Betty Nicholson', N'639 North White Oak Freeway', 0)
GO
INSERT [dbo].[DOANHNGHIEP] ([IDDoanhNghiep], [MaSoThue], [NguoiDaiDien], [DiaChi], [UuDai]) VALUES (6, N'2131121271', N'Leon Waters', N'603 North First Boulevard', 0.1)
GO
INSERT [dbo].[DOANHNGHIEP] ([IDDoanhNghiep], [MaSoThue], [NguoiDaiDien], [DiaChi], [UuDai]) VALUES (8, N'6327683670', N'Edgar Mooney', N'998 West Rocky First Freeway', 0.2)
GO
INSERT [dbo].[DOANHNGHIEP] ([IDDoanhNghiep], [MaSoThue], [NguoiDaiDien], [DiaChi], [UuDai]) VALUES (10, N'1660569055', N'Kelly Livingston', N'473 East Green Oak Avenue', 0.30000000000000004)
GO
INSERT [dbo].[DOANHNGHIEP] ([IDDoanhNghiep], [MaSoThue], [NguoiDaiDien], [DiaChi], [UuDai]) VALUES (12, N'6966884446', N'Anna Chavez', N'391 North Rocky Cowley Parkway', 0.4)
GO
INSERT [dbo].[DOANHNGHIEP] ([IDDoanhNghiep], [MaSoThue], [NguoiDaiDien], [DiaChi], [UuDai]) VALUES (13, N'5693782600', N'Abigail Cochran', N'921 East Oak Freeway', 0)
GO
INSERT [dbo].[DOANHNGHIEP] ([IDDoanhNghiep], [MaSoThue], [NguoiDaiDien], [DiaChi], [UuDai]) VALUES (21, N'8272192444', N'Kent Mathews', N'147 South Green Milton Street', 0.1)
GO
INSERT [dbo].[DOANHNGHIEP] ([IDDoanhNghiep], [MaSoThue], [NguoiDaiDien], [DiaChi], [UuDai]) VALUES (22, N'3220324255', N'Jo Kane', N'544 White Clarendon Avenue', 0.2)
GO
INSERT [dbo].[DOANHNGHIEP] ([IDDoanhNghiep], [MaSoThue], [NguoiDaiDien], [DiaChi], [UuDai]) VALUES (26, N'4460657192', N'Charity Haas', N'774 West White Old Boulevard', 0.30000000000000004)
GO
INSERT [dbo].[DOANHNGHIEP] ([IDDoanhNghiep], [MaSoThue], [NguoiDaiDien], [DiaChi], [UuDai]) VALUES (35, N'6487467763', N'Shanda Douglas', N'290 East White Fabien Way', 0.4)
GO
INSERT [dbo].[DOANHNGHIEP] ([IDDoanhNghiep], [MaSoThue], [NguoiDaiDien], [DiaChi], [UuDai]) VALUES (44, N'4416185724', N'Alexandra Velazquez', N'314 First Street', 0)
GO
INSERT [dbo].[DOANHNGHIEP] ([IDDoanhNghiep], [MaSoThue], [NguoiDaiDien], [DiaChi], [UuDai]) VALUES (48, N'6987526111', N'Serena Reeves', N'684 North First Street', 0.1)
GO
INSERT [dbo].[DOANHNGHIEP] ([IDDoanhNghiep], [MaSoThue], [NguoiDaiDien], [DiaChi], [UuDai]) VALUES (49, N'6203548438', N'Joy Irwin', N'701 East Cowley Freeway', 0.2)
GO
INSERT [dbo].[HOSOUNGTUYEN] ([IDDoanhNghiep], [IDUngVien], [NgayUngTuyen], [TinhTrangUngTuyen], [ViTriUngTuyen], [DiemDanhGia]) VALUES (2, 30, CAST(N'2024-04-28' AS Date), N'Chưa đủ điều kiện', N'Software engineer', 4)
GO
INSERT [dbo].[HOSOUNGTUYEN] ([IDDoanhNghiep], [IDUngVien], [NgayUngTuyen], [TinhTrangUngTuyen], [ViTriUngTuyen], [DiemDanhGia]) VALUES (2, 45, CAST(N'2024-04-28' AS Date), N'Đang xử lý', N'Software engineer', 6)
GO
INSERT [dbo].[HOSOUNGTUYEN] ([IDDoanhNghiep], [IDUngVien], [NgayUngTuyen], [TinhTrangUngTuyen], [ViTriUngTuyen], [DiemDanhGia]) VALUES (2, 50, CAST(N'2024-04-29' AS Date), N'Đang xử lý', N'Software engineer', 5)
GO
INSERT [dbo].[HOSOUNGTUYEN] ([IDDoanhNghiep], [IDUngVien], [NgayUngTuyen], [TinhTrangUngTuyen], [ViTriUngTuyen], [DiemDanhGia]) VALUES (6, 19, CAST(N'2024-04-20' AS Date), N'Đang xử lý', N'Data engineer', 8)
GO
INSERT [dbo].[HOSOUNGTUYEN] ([IDDoanhNghiep], [IDUngVien], [NgayUngTuyen], [TinhTrangUngTuyen], [ViTriUngTuyen], [DiemDanhGia]) VALUES (8, 33, CAST(N'2024-04-29' AS Date), N'Đang xử lý', N'AI engineer', 4)
GO
INSERT [dbo].[HOSOUNGTUYEN] ([IDDoanhNghiep], [IDUngVien], [NgayUngTuyen], [TinhTrangUngTuyen], [ViTriUngTuyen], [DiemDanhGia]) VALUES (10, 24, CAST(N'2024-04-30' AS Date), N'Đủ điều kiện', N'Backend developer', 7)
GO
INSERT [dbo].[HOSOUNGTUYEN] ([IDDoanhNghiep], [IDUngVien], [NgayUngTuyen], [TinhTrangUngTuyen], [ViTriUngTuyen], [DiemDanhGia]) VALUES (12, 27, CAST(N'2024-04-22' AS Date), N'Đủ điều kiện', N'AI engineer', 6)
GO
INSERT [dbo].[HOSOUNGTUYEN] ([IDDoanhNghiep], [IDUngVien], [NgayUngTuyen], [TinhTrangUngTuyen], [ViTriUngTuyen], [DiemDanhGia]) VALUES (21, 3, CAST(N'2024-04-27' AS Date), N'Chưa đủ điều kiện', N'Data engineer', 9)
GO
INSERT [dbo].[HOSOUNGTUYEN] ([IDDoanhNghiep], [IDUngVien], [NgayUngTuyen], [TinhTrangUngTuyen], [ViTriUngTuyen], [DiemDanhGia]) VALUES (21, 17, CAST(N'2024-04-27' AS Date), N'Đủ điều kiện', N'Data engineer', 8)
GO
INSERT [dbo].[HOSOUNGTUYEN] ([IDDoanhNghiep], [IDUngVien], [NgayUngTuyen], [TinhTrangUngTuyen], [ViTriUngTuyen], [DiemDanhGia]) VALUES (21, 34, CAST(N'2024-04-28' AS Date), N'Chưa đủ điều kiện', N'Data engineer', 8)
GO
INSERT [dbo].[HOSOUNGTUYEN] ([IDDoanhNghiep], [IDUngVien], [NgayUngTuyen], [TinhTrangUngTuyen], [ViTriUngTuyen], [DiemDanhGia]) VALUES (22, 7, CAST(N'2024-04-28' AS Date), N'Chưa đủ điều kiện', N'Business Analyst', 6)
GO
INSERT [dbo].[HOSOUNGTUYEN] ([IDDoanhNghiep], [IDUngVien], [NgayUngTuyen], [TinhTrangUngTuyen], [ViTriUngTuyen], [DiemDanhGia]) VALUES (26, 15, CAST(N'2024-04-25' AS Date), N'Chưa đủ điều kiện', N'Business Analyst', 7)
GO
INSERT [dbo].[HOSOUNGTUYEN] ([IDDoanhNghiep], [IDUngVien], [NgayUngTuyen], [TinhTrangUngTuyen], [ViTriUngTuyen], [DiemDanhGia]) VALUES (26, 32, CAST(N'2024-04-24' AS Date), N'Chưa đủ điều kiện', N'Business Analyst', 5)
GO
INSERT [dbo].[HOSOUNGTUYEN] ([IDDoanhNghiep], [IDUngVien], [NgayUngTuyen], [TinhTrangUngTuyen], [ViTriUngTuyen], [DiemDanhGia]) VALUES (48, 28, CAST(N'2024-04-26' AS Date), N'Chưa đủ điều kiện', N'Business Analyst', 10)
GO
INSERT [dbo].[HOSOUNGTUYEN] ([IDDoanhNghiep], [IDUngVien], [NgayUngTuyen], [TinhTrangUngTuyen], [ViTriUngTuyen], [DiemDanhGia]) VALUES (48, 29, CAST(N'2024-04-23' AS Date), N'Đang xử lý', N'Business Analyst', 6)
GO
INSERT [dbo].[HOSOUNGTUYEN] ([IDDoanhNghiep], [IDUngVien], [NgayUngTuyen], [TinhTrangUngTuyen], [ViTriUngTuyen], [DiemDanhGia]) VALUES (48, 38, CAST(N'2024-04-27' AS Date), N'Đang xử lý', N'Business Analyst', 5)
GO
INSERT [dbo].[HOSOUNGTUYEN] ([IDDoanhNghiep], [IDUngVien], [NgayUngTuyen], [TinhTrangUngTuyen], [ViTriUngTuyen], [DiemDanhGia]) VALUES (49, 31, CAST(N'2024-04-20' AS Date), N'Đủ điều kiện', N'Software engineer', 9)
GO
INSERT [dbo].[HOSOUNGTUYEN] ([IDDoanhNghiep], [IDUngVien], [NgayUngTuyen], [TinhTrangUngTuyen], [ViTriUngTuyen], [DiemDanhGia]) VALUES (49, 46, CAST(N'2024-04-20' AS Date), N'Đang xử lý', N'Software engineer', 8)
GO
SET IDENTITY_INSERT [dbo].[PHIEUQUANGCAO] ON 
GO
INSERT [dbo].[PHIEUQUANGCAO] ([IDPhieuQuangCao], [NgayBatDau], [NgayKetThuc], [HinhThucDangTuyen], [TongTienQuangCao]) VALUES (1, CAST(N'2024-04-20' AS Date), CAST(N'2024-06-27' AS Date), N'Báo giấy', NULL)
GO
INSERT [dbo].[PHIEUQUANGCAO] ([IDPhieuQuangCao], [NgayBatDau], [NgayKetThuc], [HinhThucDangTuyen], [TongTienQuangCao]) VALUES (2, CAST(N'2024-04-29' AS Date), CAST(N'2024-05-28' AS Date), N'Banner quảng cáo', NULL)
GO
INSERT [dbo].[PHIEUQUANGCAO] ([IDPhieuQuangCao], [NgayBatDau], [NgayKetThuc], [HinhThucDangTuyen], [TongTienQuangCao]) VALUES (3, CAST(N'2024-04-20' AS Date), CAST(N'2024-07-12' AS Date), N'Banner quảng cáo', NULL)
GO
INSERT [dbo].[PHIEUQUANGCAO] ([IDPhieuQuangCao], [NgayBatDau], [NgayKetThuc], [HinhThucDangTuyen], [TongTienQuangCao]) VALUES (4, CAST(N'2024-04-21' AS Date), CAST(N'2024-06-13' AS Date), N'Banner quảng cáo', NULL)
GO
INSERT [dbo].[PHIEUQUANGCAO] ([IDPhieuQuangCao], [NgayBatDau], [NgayKetThuc], [HinhThucDangTuyen], [TongTienQuangCao]) VALUES (5, CAST(N'2024-04-26' AS Date), CAST(N'2024-05-17' AS Date), N'Banner quảng cáo', NULL)
GO
INSERT [dbo].[PHIEUQUANGCAO] ([IDPhieuQuangCao], [NgayBatDau], [NgayKetThuc], [HinhThucDangTuyen], [TongTienQuangCao]) VALUES (6, CAST(N'2024-04-27' AS Date), CAST(N'2024-06-25' AS Date), N'Banner quảng cáo', NULL)
GO
INSERT [dbo].[PHIEUQUANGCAO] ([IDPhieuQuangCao], [NgayBatDau], [NgayKetThuc], [HinhThucDangTuyen], [TongTienQuangCao]) VALUES (7, CAST(N'2024-04-22' AS Date), CAST(N'2024-07-05' AS Date), N'Báo giấy', NULL)
GO
INSERT [dbo].[PHIEUQUANGCAO] ([IDPhieuQuangCao], [NgayBatDau], [NgayKetThuc], [HinhThucDangTuyen], [TongTienQuangCao]) VALUES (8, CAST(N'2024-04-23' AS Date), CAST(N'2024-07-15' AS Date), N'Báo giấy', NULL)
GO
INSERT [dbo].[PHIEUQUANGCAO] ([IDPhieuQuangCao], [NgayBatDau], [NgayKetThuc], [HinhThucDangTuyen], [TongTienQuangCao]) VALUES (9, CAST(N'2024-04-22' AS Date), CAST(N'2024-06-10' AS Date), N'Banner quảng cáo', NULL)
GO
INSERT [dbo].[PHIEUQUANGCAO] ([IDPhieuQuangCao], [NgayBatDau], [NgayKetThuc], [HinhThucDangTuyen], [TongTienQuangCao]) VALUES (10, CAST(N'2024-04-22' AS Date), CAST(N'2024-07-02' AS Date), N'Trang mạng', NULL)
GO
INSERT [dbo].[PHIEUQUANGCAO] ([IDPhieuQuangCao], [NgayBatDau], [NgayKetThuc], [HinhThucDangTuyen], [TongTienQuangCao]) VALUES (11, CAST(N'2024-04-25' AS Date), CAST(N'2024-06-02' AS Date), N'Trang mạng', NULL)
GO
INSERT [dbo].[PHIEUQUANGCAO] ([IDPhieuQuangCao], [NgayBatDau], [NgayKetThuc], [HinhThucDangTuyen], [TongTienQuangCao]) VALUES (12, CAST(N'2024-04-30' AS Date), CAST(N'2024-07-11' AS Date), N'Banner quảng cáo', NULL)
GO
INSERT [dbo].[PHIEUQUANGCAO] ([IDPhieuQuangCao], [NgayBatDau], [NgayKetThuc], [HinhThucDangTuyen], [TongTienQuangCao]) VALUES (13, CAST(N'2024-04-20' AS Date), CAST(N'2024-07-09' AS Date), N'Banner quảng cáo', NULL)
GO
INSERT [dbo].[PHIEUQUANGCAO] ([IDPhieuQuangCao], [NgayBatDau], [NgayKetThuc], [HinhThucDangTuyen], [TongTienQuangCao]) VALUES (14, CAST(N'2024-04-24' AS Date), CAST(N'2024-07-28' AS Date), N'Banner quảng cáo', NULL)
GO
INSERT [dbo].[PHIEUQUANGCAO] ([IDPhieuQuangCao], [NgayBatDau], [NgayKetThuc], [HinhThucDangTuyen], [TongTienQuangCao]) VALUES (15, CAST(N'2024-04-23' AS Date), CAST(N'2024-05-15' AS Date), N'Trang mạng', NULL)
GO
INSERT [dbo].[PHIEUQUANGCAO] ([IDPhieuQuangCao], [NgayBatDau], [NgayKetThuc], [HinhThucDangTuyen], [TongTienQuangCao]) VALUES (16, CAST(N'2024-04-27' AS Date), CAST(N'2024-06-10' AS Date), N'Trang mạng', NULL)
GO
INSERT [dbo].[PHIEUQUANGCAO] ([IDPhieuQuangCao], [NgayBatDau], [NgayKetThuc], [HinhThucDangTuyen], [TongTienQuangCao]) VALUES (17, CAST(N'2024-04-30' AS Date), CAST(N'2024-06-14' AS Date), N'Trang mạng', NULL)
GO
INSERT [dbo].[PHIEUQUANGCAO] ([IDPhieuQuangCao], [NgayBatDau], [NgayKetThuc], [HinhThucDangTuyen], [TongTienQuangCao]) VALUES (18, CAST(N'2024-04-29' AS Date), CAST(N'2024-06-23' AS Date), N'Báo giấy', NULL)
GO
INSERT [dbo].[PHIEUQUANGCAO] ([IDPhieuQuangCao], [NgayBatDau], [NgayKetThuc], [HinhThucDangTuyen], [TongTienQuangCao]) VALUES (19, CAST(N'2024-04-20' AS Date), CAST(N'2024-05-19' AS Date), N'Báo giấy', NULL)
GO
INSERT [dbo].[PHIEUQUANGCAO] ([IDPhieuQuangCao], [NgayBatDau], [NgayKetThuc], [HinhThucDangTuyen], [TongTienQuangCao]) VALUES (20, CAST(N'2024-04-27' AS Date), CAST(N'2024-05-20' AS Date), N'Banner quảng cáo', NULL)
GO
INSERT [dbo].[PHIEUQUANGCAO] ([IDPhieuQuangCao], [NgayBatDau], [NgayKetThuc], [HinhThucDangTuyen], [TongTienQuangCao]) VALUES (21, CAST(N'2024-04-23' AS Date), CAST(N'2024-06-18' AS Date), N'Banner quảng cáo', NULL)
GO
INSERT [dbo].[PHIEUQUANGCAO] ([IDPhieuQuangCao], [NgayBatDau], [NgayKetThuc], [HinhThucDangTuyen], [TongTienQuangCao]) VALUES (22, CAST(N'2024-04-24' AS Date), CAST(N'2024-07-07' AS Date), N'Trang mạng', NULL)
GO
INSERT [dbo].[PHIEUQUANGCAO] ([IDPhieuQuangCao], [NgayBatDau], [NgayKetThuc], [HinhThucDangTuyen], [TongTienQuangCao]) VALUES (23, CAST(N'2024-04-25' AS Date), CAST(N'2024-07-08' AS Date), N'Trang mạng', NULL)
GO
INSERT [dbo].[PHIEUQUANGCAO] ([IDPhieuQuangCao], [NgayBatDau], [NgayKetThuc], [HinhThucDangTuyen], [TongTienQuangCao]) VALUES (24, CAST(N'2024-04-28' AS Date), CAST(N'2024-05-23' AS Date), N'Banner quảng cáo', NULL)
GO
INSERT [dbo].[PHIEUQUANGCAO] ([IDPhieuQuangCao], [NgayBatDau], [NgayKetThuc], [HinhThucDangTuyen], [TongTienQuangCao]) VALUES (25, CAST(N'2024-04-30' AS Date), CAST(N'2024-05-18' AS Date), N'Báo giấy', NULL)
GO
INSERT [dbo].[PHIEUQUANGCAO] ([IDPhieuQuangCao], [NgayBatDau], [NgayKetThuc], [HinhThucDangTuyen], [TongTienQuangCao]) VALUES (26, CAST(N'2024-04-29' AS Date), CAST(N'2024-06-25' AS Date), N'Báo giấy', NULL)
GO
INSERT [dbo].[PHIEUQUANGCAO] ([IDPhieuQuangCao], [NgayBatDau], [NgayKetThuc], [HinhThucDangTuyen], [TongTienQuangCao]) VALUES (27, CAST(N'2024-04-22' AS Date), CAST(N'2024-05-18' AS Date), N'Trang mạng', NULL)
GO
INSERT [dbo].[PHIEUQUANGCAO] ([IDPhieuQuangCao], [NgayBatDau], [NgayKetThuc], [HinhThucDangTuyen], [TongTienQuangCao]) VALUES (28, CAST(N'2024-04-21' AS Date), CAST(N'2024-07-16' AS Date), N'Banner quảng cáo', NULL)
GO
INSERT [dbo].[PHIEUQUANGCAO] ([IDPhieuQuangCao], [NgayBatDau], [NgayKetThuc], [HinhThucDangTuyen], [TongTienQuangCao]) VALUES (29, CAST(N'2024-04-29' AS Date), CAST(N'2024-05-26' AS Date), N'Banner quảng cáo', NULL)
GO
INSERT [dbo].[PHIEUQUANGCAO] ([IDPhieuQuangCao], [NgayBatDau], [NgayKetThuc], [HinhThucDangTuyen], [TongTienQuangCao]) VALUES (30, CAST(N'2024-04-20' AS Date), CAST(N'2024-07-18' AS Date), N'Banner quảng cáo', NULL)
GO
INSERT [dbo].[PHIEUQUANGCAO] ([IDPhieuQuangCao], [NgayBatDau], [NgayKetThuc], [HinhThucDangTuyen], [TongTienQuangCao]) VALUES (31, CAST(N'2024-04-28' AS Date), CAST(N'2024-05-26' AS Date), N'Banner quảng cáo', NULL)
GO
INSERT [dbo].[PHIEUQUANGCAO] ([IDPhieuQuangCao], [NgayBatDau], [NgayKetThuc], [HinhThucDangTuyen], [TongTienQuangCao]) VALUES (32, CAST(N'2024-04-20' AS Date), CAST(N'2024-06-11' AS Date), N'Banner quảng cáo', NULL)
GO
INSERT [dbo].[PHIEUQUANGCAO] ([IDPhieuQuangCao], [NgayBatDau], [NgayKetThuc], [HinhThucDangTuyen], [TongTienQuangCao]) VALUES (33, CAST(N'2024-04-23' AS Date), CAST(N'2024-07-12' AS Date), N'Báo giấy', NULL)
GO
INSERT [dbo].[PHIEUQUANGCAO] ([IDPhieuQuangCao], [NgayBatDau], [NgayKetThuc], [HinhThucDangTuyen], [TongTienQuangCao]) VALUES (34, CAST(N'2024-04-20' AS Date), CAST(N'2024-05-20' AS Date), N'Báo giấy', NULL)
GO
INSERT [dbo].[PHIEUQUANGCAO] ([IDPhieuQuangCao], [NgayBatDau], [NgayKetThuc], [HinhThucDangTuyen], [TongTienQuangCao]) VALUES (35, CAST(N'2024-04-23' AS Date), CAST(N'2024-07-08' AS Date), N'Báo giấy', NULL)
GO
INSERT [dbo].[PHIEUQUANGCAO] ([IDPhieuQuangCao], [NgayBatDau], [NgayKetThuc], [HinhThucDangTuyen], [TongTienQuangCao]) VALUES (36, CAST(N'2024-04-20' AS Date), CAST(N'2024-05-24' AS Date), N'Báo giấy', NULL)
GO
INSERT [dbo].[PHIEUQUANGCAO] ([IDPhieuQuangCao], [NgayBatDau], [NgayKetThuc], [HinhThucDangTuyen], [TongTienQuangCao]) VALUES (37, CAST(N'2024-04-22' AS Date), CAST(N'2024-05-20' AS Date), N'Trang mạng', NULL)
GO
INSERT [dbo].[PHIEUQUANGCAO] ([IDPhieuQuangCao], [NgayBatDau], [NgayKetThuc], [HinhThucDangTuyen], [TongTienQuangCao]) VALUES (38, CAST(N'2024-04-22' AS Date), CAST(N'2024-07-22' AS Date), N'Banner quảng cáo', NULL)
GO
INSERT [dbo].[PHIEUQUANGCAO] ([IDPhieuQuangCao], [NgayBatDau], [NgayKetThuc], [HinhThucDangTuyen], [TongTienQuangCao]) VALUES (39, CAST(N'2024-04-27' AS Date), CAST(N'2024-07-20' AS Date), N'Báo giấy', NULL)
GO
INSERT [dbo].[PHIEUQUANGCAO] ([IDPhieuQuangCao], [NgayBatDau], [NgayKetThuc], [HinhThucDangTuyen], [TongTienQuangCao]) VALUES (40, CAST(N'2024-04-21' AS Date), CAST(N'2024-07-06' AS Date), N'Báo giấy', NULL)
GO
INSERT [dbo].[PHIEUQUANGCAO] ([IDPhieuQuangCao], [NgayBatDau], [NgayKetThuc], [HinhThucDangTuyen], [TongTienQuangCao]) VALUES (41, CAST(N'2024-04-30' AS Date), CAST(N'2024-07-13' AS Date), N'Banner quảng cáo', NULL)
GO
INSERT [dbo].[PHIEUQUANGCAO] ([IDPhieuQuangCao], [NgayBatDau], [NgayKetThuc], [HinhThucDangTuyen], [TongTienQuangCao]) VALUES (42, CAST(N'2024-04-30' AS Date), CAST(N'2024-06-01' AS Date), N'Banner quảng cáo', NULL)
GO
INSERT [dbo].[PHIEUQUANGCAO] ([IDPhieuQuangCao], [NgayBatDau], [NgayKetThuc], [HinhThucDangTuyen], [TongTienQuangCao]) VALUES (43, CAST(N'2024-04-30' AS Date), CAST(N'2024-06-25' AS Date), N'Báo giấy', NULL)
GO
INSERT [dbo].[PHIEUQUANGCAO] ([IDPhieuQuangCao], [NgayBatDau], [NgayKetThuc], [HinhThucDangTuyen], [TongTienQuangCao]) VALUES (44, CAST(N'2024-04-27' AS Date), CAST(N'2024-07-14' AS Date), N'Trang mạng', NULL)
GO
INSERT [dbo].[PHIEUQUANGCAO] ([IDPhieuQuangCao], [NgayBatDau], [NgayKetThuc], [HinhThucDangTuyen], [TongTienQuangCao]) VALUES (45, CAST(N'2024-04-28' AS Date), CAST(N'2024-06-07' AS Date), N'Trang mạng', NULL)
GO
INSERT [dbo].[PHIEUQUANGCAO] ([IDPhieuQuangCao], [NgayBatDau], [NgayKetThuc], [HinhThucDangTuyen], [TongTienQuangCao]) VALUES (46, CAST(N'2024-04-23' AS Date), CAST(N'2024-05-31' AS Date), N'Báo giấy', NULL)
GO
INSERT [dbo].[PHIEUQUANGCAO] ([IDPhieuQuangCao], [NgayBatDau], [NgayKetThuc], [HinhThucDangTuyen], [TongTienQuangCao]) VALUES (47, CAST(N'2024-04-30' AS Date), CAST(N'2024-06-10' AS Date), N'Trang mạng', NULL)
GO
INSERT [dbo].[PHIEUQUANGCAO] ([IDPhieuQuangCao], [NgayBatDau], [NgayKetThuc], [HinhThucDangTuyen], [TongTienQuangCao]) VALUES (48, CAST(N'2024-04-27' AS Date), CAST(N'2024-07-11' AS Date), N'Trang mạng', NULL)
GO
INSERT [dbo].[PHIEUQUANGCAO] ([IDPhieuQuangCao], [NgayBatDau], [NgayKetThuc], [HinhThucDangTuyen], [TongTienQuangCao]) VALUES (49, CAST(N'2024-04-25' AS Date), CAST(N'2024-06-28' AS Date), N'Trang mạng', NULL)
GO
INSERT [dbo].[PHIEUQUANGCAO] ([IDPhieuQuangCao], [NgayBatDau], [NgayKetThuc], [HinhThucDangTuyen], [TongTienQuangCao]) VALUES (50, CAST(N'2024-04-24' AS Date), CAST(N'2024-06-25' AS Date), N'Banner quảng cáo', NULL)
GO
SET IDENTITY_INSERT [dbo].[PHIEUQUANGCAO] OFF
GO
SET IDENTITY_INSERT [dbo].[PHIEUDANGTUYEN] ON 
GO
INSERT [dbo].[PHIEUDANGTUYEN] ([IDPhieuDangTuyen], [ViTriDangTuyen], [SoLuongTuyenDung], [IDDoanhNghiep], [IDPhieuQuangCao]) VALUES (1, N'Software engineer', 5, 2, 1)
GO
INSERT [dbo].[PHIEUDANGTUYEN] ([IDPhieuDangTuyen], [ViTriDangTuyen], [SoLuongTuyenDung], [IDDoanhNghiep], [IDPhieuQuangCao]) VALUES (2, N'Data engineer', 10, 6, 2)
GO
INSERT [dbo].[PHIEUDANGTUYEN] ([IDPhieuDangTuyen], [ViTriDangTuyen], [SoLuongTuyenDung], [IDDoanhNghiep], [IDPhieuQuangCao]) VALUES (3, N'AI engineer', 15, 8, 3)
GO
INSERT [dbo].[PHIEUDANGTUYEN] ([IDPhieuDangTuyen], [ViTriDangTuyen], [SoLuongTuyenDung], [IDDoanhNghiep], [IDPhieuQuangCao]) VALUES (4, N'Backend developer', 20, 10, 4)
GO
INSERT [dbo].[PHIEUDANGTUYEN] ([IDPhieuDangTuyen], [ViTriDangTuyen], [SoLuongTuyenDung], [IDDoanhNghiep], [IDPhieuQuangCao]) VALUES (5, N'AI engineer', 5, 12, 5)
GO
INSERT [dbo].[PHIEUDANGTUYEN] ([IDPhieuDangTuyen], [ViTriDangTuyen], [SoLuongTuyenDung], [IDDoanhNghiep], [IDPhieuQuangCao]) VALUES (6, N'Frontend developer', 10, 13, 6)
GO
INSERT [dbo].[PHIEUDANGTUYEN] ([IDPhieuDangTuyen], [ViTriDangTuyen], [SoLuongTuyenDung], [IDDoanhNghiep], [IDPhieuQuangCao]) VALUES (7, N'Data engineer', 15, 21, 7)
GO
INSERT [dbo].[PHIEUDANGTUYEN] ([IDPhieuDangTuyen], [ViTriDangTuyen], [SoLuongTuyenDung], [IDDoanhNghiep], [IDPhieuQuangCao]) VALUES (8, N'Business Analyst', 20, 22, 8)
GO
INSERT [dbo].[PHIEUDANGTUYEN] ([IDPhieuDangTuyen], [ViTriDangTuyen], [SoLuongTuyenDung], [IDDoanhNghiep], [IDPhieuQuangCao]) VALUES (9, N'Business Analyst', 5, 26, 9)
GO
INSERT [dbo].[PHIEUDANGTUYEN] ([IDPhieuDangTuyen], [ViTriDangTuyen], [SoLuongTuyenDung], [IDDoanhNghiep], [IDPhieuQuangCao]) VALUES (10, N'Backend developer', 10, 35, 10)
GO
INSERT [dbo].[PHIEUDANGTUYEN] ([IDPhieuDangTuyen], [ViTriDangTuyen], [SoLuongTuyenDung], [IDDoanhNghiep], [IDPhieuQuangCao]) VALUES (11, N'Software engineer', 15, 44, 11)
GO
INSERT [dbo].[PHIEUDANGTUYEN] ([IDPhieuDangTuyen], [ViTriDangTuyen], [SoLuongTuyenDung], [IDDoanhNghiep], [IDPhieuQuangCao]) VALUES (12, N'Business Analyst', 20, 48, 12)
GO
INSERT [dbo].[PHIEUDANGTUYEN] ([IDPhieuDangTuyen], [ViTriDangTuyen], [SoLuongTuyenDung], [IDDoanhNghiep], [IDPhieuQuangCao]) VALUES (13, N'Software engineer', 5, 49, 13)
GO
INSERT [dbo].[PHIEUDANGTUYEN] ([IDPhieuDangTuyen], [ViTriDangTuyen], [SoLuongTuyenDung], [IDDoanhNghiep], [IDPhieuQuangCao]) VALUES (14, N'Backend developer', 10, 2, 14)
GO
INSERT [dbo].[PHIEUDANGTUYEN] ([IDPhieuDangTuyen], [ViTriDangTuyen], [SoLuongTuyenDung], [IDDoanhNghiep], [IDPhieuQuangCao]) VALUES (15, N'Business Analyst', 15, 6, 15)
GO
INSERT [dbo].[PHIEUDANGTUYEN] ([IDPhieuDangTuyen], [ViTriDangTuyen], [SoLuongTuyenDung], [IDDoanhNghiep], [IDPhieuQuangCao]) VALUES (16, N'AI engineer', 20, 8, 16)
GO
INSERT [dbo].[PHIEUDANGTUYEN] ([IDPhieuDangTuyen], [ViTriDangTuyen], [SoLuongTuyenDung], [IDDoanhNghiep], [IDPhieuQuangCao]) VALUES (17, N'Business Analyst', 5, 10, 17)
GO
INSERT [dbo].[PHIEUDANGTUYEN] ([IDPhieuDangTuyen], [ViTriDangTuyen], [SoLuongTuyenDung], [IDDoanhNghiep], [IDPhieuQuangCao]) VALUES (18, N'Software engineer', 10, 12, 18)
GO
INSERT [dbo].[PHIEUDANGTUYEN] ([IDPhieuDangTuyen], [ViTriDangTuyen], [SoLuongTuyenDung], [IDDoanhNghiep], [IDPhieuQuangCao]) VALUES (19, N'Data engineer', 15, 13, 19)
GO
INSERT [dbo].[PHIEUDANGTUYEN] ([IDPhieuDangTuyen], [ViTriDangTuyen], [SoLuongTuyenDung], [IDDoanhNghiep], [IDPhieuQuangCao]) VALUES (20, N'AI engineer', 20, 21, 20)
GO
INSERT [dbo].[PHIEUDANGTUYEN] ([IDPhieuDangTuyen], [ViTriDangTuyen], [SoLuongTuyenDung], [IDDoanhNghiep], [IDPhieuQuangCao]) VALUES (21, N'AI engineer', 5, 22, 21)
GO
INSERT [dbo].[PHIEUDANGTUYEN] ([IDPhieuDangTuyen], [ViTriDangTuyen], [SoLuongTuyenDung], [IDDoanhNghiep], [IDPhieuQuangCao]) VALUES (22, N'AI engineer', 10, 26, 22)
GO
INSERT [dbo].[PHIEUDANGTUYEN] ([IDPhieuDangTuyen], [ViTriDangTuyen], [SoLuongTuyenDung], [IDDoanhNghiep], [IDPhieuQuangCao]) VALUES (23, N'Business Analyst', 15, 35, 23)
GO
INSERT [dbo].[PHIEUDANGTUYEN] ([IDPhieuDangTuyen], [ViTriDangTuyen], [SoLuongTuyenDung], [IDDoanhNghiep], [IDPhieuQuangCao]) VALUES (24, N'Software engineer', 20, 44, 24)
GO
INSERT [dbo].[PHIEUDANGTUYEN] ([IDPhieuDangTuyen], [ViTriDangTuyen], [SoLuongTuyenDung], [IDDoanhNghiep], [IDPhieuQuangCao]) VALUES (25, N'Backend developer', 5, 48, 25)
GO
INSERT [dbo].[PHIEUDANGTUYEN] ([IDPhieuDangTuyen], [ViTriDangTuyen], [SoLuongTuyenDung], [IDDoanhNghiep], [IDPhieuQuangCao]) VALUES (26, N'AI engineer', 10, 49, 26)
GO
INSERT [dbo].[PHIEUDANGTUYEN] ([IDPhieuDangTuyen], [ViTriDangTuyen], [SoLuongTuyenDung], [IDDoanhNghiep], [IDPhieuQuangCao]) VALUES (27, N'Frontend developer', 15, 2, 27)
GO
INSERT [dbo].[PHIEUDANGTUYEN] ([IDPhieuDangTuyen], [ViTriDangTuyen], [SoLuongTuyenDung], [IDDoanhNghiep], [IDPhieuQuangCao]) VALUES (28, N'Backend developer', 20, 6, 28)
GO
INSERT [dbo].[PHIEUDANGTUYEN] ([IDPhieuDangTuyen], [ViTriDangTuyen], [SoLuongTuyenDung], [IDDoanhNghiep], [IDPhieuQuangCao]) VALUES (29, N'Software engineer', 5, 8, 29)
GO
INSERT [dbo].[PHIEUDANGTUYEN] ([IDPhieuDangTuyen], [ViTriDangTuyen], [SoLuongTuyenDung], [IDDoanhNghiep], [IDPhieuQuangCao]) VALUES (30, N'Data engineer', 10, 10, 30)
GO
INSERT [dbo].[PHIEUDANGTUYEN] ([IDPhieuDangTuyen], [ViTriDangTuyen], [SoLuongTuyenDung], [IDDoanhNghiep], [IDPhieuQuangCao]) VALUES (31, N'Frontend developer', 15, 12, 31)
GO
INSERT [dbo].[PHIEUDANGTUYEN] ([IDPhieuDangTuyen], [ViTriDangTuyen], [SoLuongTuyenDung], [IDDoanhNghiep], [IDPhieuQuangCao]) VALUES (32, N'Data engineer', 20, 13, 32)
GO
INSERT [dbo].[PHIEUDANGTUYEN] ([IDPhieuDangTuyen], [ViTriDangTuyen], [SoLuongTuyenDung], [IDDoanhNghiep], [IDPhieuQuangCao]) VALUES (33, N'Backend developer', 5, 21, 33)
GO
INSERT [dbo].[PHIEUDANGTUYEN] ([IDPhieuDangTuyen], [ViTriDangTuyen], [SoLuongTuyenDung], [IDDoanhNghiep], [IDPhieuQuangCao]) VALUES (34, N'Data engineer', 10, 22, 34)
GO
INSERT [dbo].[PHIEUDANGTUYEN] ([IDPhieuDangTuyen], [ViTriDangTuyen], [SoLuongTuyenDung], [IDDoanhNghiep], [IDPhieuQuangCao]) VALUES (35, N'Frontend developer', 15, 26, 35)
GO
INSERT [dbo].[PHIEUDANGTUYEN] ([IDPhieuDangTuyen], [ViTriDangTuyen], [SoLuongTuyenDung], [IDDoanhNghiep], [IDPhieuQuangCao]) VALUES (36, N'Backend developer', 20, 35, 36)
GO
INSERT [dbo].[PHIEUDANGTUYEN] ([IDPhieuDangTuyen], [ViTriDangTuyen], [SoLuongTuyenDung], [IDDoanhNghiep], [IDPhieuQuangCao]) VALUES (37, N'Software engineer', 5, 44, 37)
GO
INSERT [dbo].[PHIEUDANGTUYEN] ([IDPhieuDangTuyen], [ViTriDangTuyen], [SoLuongTuyenDung], [IDDoanhNghiep], [IDPhieuQuangCao]) VALUES (38, N'Data engineer', 10, 48, 38)
GO
INSERT [dbo].[PHIEUDANGTUYEN] ([IDPhieuDangTuyen], [ViTriDangTuyen], [SoLuongTuyenDung], [IDDoanhNghiep], [IDPhieuQuangCao]) VALUES (39, N'Data engineer', 15, 49, 39)
GO
INSERT [dbo].[PHIEUDANGTUYEN] ([IDPhieuDangTuyen], [ViTriDangTuyen], [SoLuongTuyenDung], [IDDoanhNghiep], [IDPhieuQuangCao]) VALUES (40, N'Backend developer', 20, 2, 40)
GO
INSERT [dbo].[PHIEUDANGTUYEN] ([IDPhieuDangTuyen], [ViTriDangTuyen], [SoLuongTuyenDung], [IDDoanhNghiep], [IDPhieuQuangCao]) VALUES (41, N'Fullstack', 5, 6, 41)
GO
INSERT [dbo].[PHIEUDANGTUYEN] ([IDPhieuDangTuyen], [ViTriDangTuyen], [SoLuongTuyenDung], [IDDoanhNghiep], [IDPhieuQuangCao]) VALUES (42, N'Business Analyst', 10, 8, 42)
GO
INSERT [dbo].[PHIEUDANGTUYEN] ([IDPhieuDangTuyen], [ViTriDangTuyen], [SoLuongTuyenDung], [IDDoanhNghiep], [IDPhieuQuangCao]) VALUES (43, N'Software engineer', 15, 10, 43)
GO
INSERT [dbo].[PHIEUDANGTUYEN] ([IDPhieuDangTuyen], [ViTriDangTuyen], [SoLuongTuyenDung], [IDDoanhNghiep], [IDPhieuQuangCao]) VALUES (44, N'Frontend developer', 20, 12, 44)
GO
INSERT [dbo].[PHIEUDANGTUYEN] ([IDPhieuDangTuyen], [ViTriDangTuyen], [SoLuongTuyenDung], [IDDoanhNghiep], [IDPhieuQuangCao]) VALUES (45, N'Fullstack', 5, 13, 45)
GO
INSERT [dbo].[PHIEUDANGTUYEN] ([IDPhieuDangTuyen], [ViTriDangTuyen], [SoLuongTuyenDung], [IDDoanhNghiep], [IDPhieuQuangCao]) VALUES (46, N'Business Analyst', 10, 21, 46)
GO
INSERT [dbo].[PHIEUDANGTUYEN] ([IDPhieuDangTuyen], [ViTriDangTuyen], [SoLuongTuyenDung], [IDDoanhNghiep], [IDPhieuQuangCao]) VALUES (47, N'Backend developer', 15, 22, 47)
GO
INSERT [dbo].[PHIEUDANGTUYEN] ([IDPhieuDangTuyen], [ViTriDangTuyen], [SoLuongTuyenDung], [IDDoanhNghiep], [IDPhieuQuangCao]) VALUES (48, N'Backend developer', 20, 26, 48)
GO
INSERT [dbo].[PHIEUDANGTUYEN] ([IDPhieuDangTuyen], [ViTriDangTuyen], [SoLuongTuyenDung], [IDDoanhNghiep], [IDPhieuQuangCao]) VALUES (49, N'Business Analyst', 5, 35, 49)
GO
INSERT [dbo].[PHIEUDANGTUYEN] ([IDPhieuDangTuyen], [ViTriDangTuyen], [SoLuongTuyenDung], [IDDoanhNghiep], [IDPhieuQuangCao]) VALUES (50, N'Software engineer', 10, 44, 50)
GO
SET IDENTITY_INSERT [dbo].[PHIEUDANGTUYEN] OFF
GO
SET IDENTITY_INSERT [dbo].[BANGCAP] ON 
GO
INSERT [dbo].[BANGCAP] ([IDBang], [TenBang], [CapBac], [NgayCap], [DonViCap], [IDUngVien]) VALUES (1, N'Toiec', N'4', CAST(N'2021-03-04' AS Date), NULL, 3)
GO
INSERT [dbo].[BANGCAP] ([IDBang], [TenBang], [CapBac], [NgayCap], [DonViCap], [IDUngVien]) VALUES (2, N'Ielts', N'3', CAST(N'2022-10-16' AS Date), NULL, 7)
GO
INSERT [dbo].[BANGCAP] ([IDBang], [TenBang], [CapBac], [NgayCap], [DonViCap], [IDUngVien]) VALUES (3, N'Cử nhân', N'1', CAST(N'2023-06-17' AS Date), NULL, 15)
GO
INSERT [dbo].[BANGCAP] ([IDBang], [TenBang], [CapBac], [NgayCap], [DonViCap], [IDUngVien]) VALUES (4, N'Thạc sĩ', N'5', CAST(N'2020-10-16' AS Date), NULL, 17)
GO
INSERT [dbo].[BANGCAP] ([IDBang], [TenBang], [CapBac], [NgayCap], [DonViCap], [IDUngVien]) VALUES (5, N'Thạc sĩ', N'1', CAST(N'2022-03-29' AS Date), NULL, 19)
GO
INSERT [dbo].[BANGCAP] ([IDBang], [TenBang], [CapBac], [NgayCap], [DonViCap], [IDUngVien]) VALUES (6, N'Cử nhân', N'2', CAST(N'2020-09-20' AS Date), NULL, 24)
GO
INSERT [dbo].[BANGCAP] ([IDBang], [TenBang], [CapBac], [NgayCap], [DonViCap], [IDUngVien]) VALUES (7, N'Toiec', N'5', CAST(N'2020-12-31' AS Date), NULL, 27)
GO
INSERT [dbo].[BANGCAP] ([IDBang], [TenBang], [CapBac], [NgayCap], [DonViCap], [IDUngVien]) VALUES (8, N'Tiến sĩ', N'3', CAST(N'2023-10-15' AS Date), NULL, 28)
GO
INSERT [dbo].[BANGCAP] ([IDBang], [TenBang], [CapBac], [NgayCap], [DonViCap], [IDUngVien]) VALUES (9, N'Ielts', N'2', CAST(N'2021-05-24' AS Date), NULL, 29)
GO
INSERT [dbo].[BANGCAP] ([IDBang], [TenBang], [CapBac], [NgayCap], [DonViCap], [IDUngVien]) VALUES (10, N'Thạc sĩ', N'1', CAST(N'2021-07-09' AS Date), NULL, 30)
GO
INSERT [dbo].[BANGCAP] ([IDBang], [TenBang], [CapBac], [NgayCap], [DonViCap], [IDUngVien]) VALUES (11, N'Ielts', N'4', CAST(N'2022-01-03' AS Date), NULL, 31)
GO
INSERT [dbo].[BANGCAP] ([IDBang], [TenBang], [CapBac], [NgayCap], [DonViCap], [IDUngVien]) VALUES (12, N'Toiec', N'1', CAST(N'2023-03-28' AS Date), NULL, 32)
GO
INSERT [dbo].[BANGCAP] ([IDBang], [TenBang], [CapBac], [NgayCap], [DonViCap], [IDUngVien]) VALUES (13, N'Toiec', N'1', CAST(N'2022-10-12' AS Date), NULL, 33)
GO
INSERT [dbo].[BANGCAP] ([IDBang], [TenBang], [CapBac], [NgayCap], [DonViCap], [IDUngVien]) VALUES (14, N'Tiến sĩ', N'3', CAST(N'2020-02-14' AS Date), NULL, 34)
GO
INSERT [dbo].[BANGCAP] ([IDBang], [TenBang], [CapBac], [NgayCap], [DonViCap], [IDUngVien]) VALUES (15, N'Thạc sĩ', N'2', CAST(N'2020-04-29' AS Date), NULL, 38)
GO
INSERT [dbo].[BANGCAP] ([IDBang], [TenBang], [CapBac], [NgayCap], [DonViCap], [IDUngVien]) VALUES (16, N'Thạc sĩ', N'2', CAST(N'2023-08-13' AS Date), NULL, 45)
GO
INSERT [dbo].[BANGCAP] ([IDBang], [TenBang], [CapBac], [NgayCap], [DonViCap], [IDUngVien]) VALUES (17, N'Toiec', N'4', CAST(N'2020-06-29' AS Date), NULL, 46)
GO
INSERT [dbo].[BANGCAP] ([IDBang], [TenBang], [CapBac], [NgayCap], [DonViCap], [IDUngVien]) VALUES (18, N'Thạc sĩ', N'2', CAST(N'2023-06-03' AS Date), NULL, 50)
GO
SET IDENTITY_INSERT [dbo].[BANGCAP] OFF
GO
SET IDENTITY_INSERT [dbo].[YEUCAUCV] ON 
GO
INSERT [dbo].[YEUCAUCV] ([IDYeuCau], [IDPhieuDangTuyen], [MoTa]) VALUES (1, 1, N'Kinh nghiệm 1 năm, Có trách nhiệm với công việc, Thái độ làm việc tốt ')
GO
INSERT [dbo].[YEUCAUCV] ([IDYeuCau], [IDPhieuDangTuyen], [MoTa]) VALUES (2, 2, N'Không yêu cầu kinh nghiệm, Thái độ làm việc tốt')
GO
INSERT [dbo].[YEUCAUCV] ([IDYeuCau], [IDPhieuDangTuyen], [MoTa]) VALUES (3, 3, N'Không yêu cầu kinh nghiệm, Thái độ làm việc tốt')
GO
INSERT [dbo].[YEUCAUCV] ([IDYeuCau], [IDPhieuDangTuyen], [MoTa]) VALUES (4, 4, N'Kinh nghiệm 1 năm, Có trách nhiệm với công việc, Thái độ làm việc tốt ')
GO
INSERT [dbo].[YEUCAUCV] ([IDYeuCau], [IDPhieuDangTuyen], [MoTa]) VALUES (5, 5, N'Không yêu cầu kinh nghiệm, Thái độ làm việc tốt')
GO
INSERT [dbo].[YEUCAUCV] ([IDYeuCau], [IDPhieuDangTuyen], [MoTa]) VALUES (6, 6, N'Không yêu cầu kinh nghiệm, Thái độ làm việc tốt')
GO
INSERT [dbo].[YEUCAUCV] ([IDYeuCau], [IDPhieuDangTuyen], [MoTa]) VALUES (7, 7, N'Kinh nghiệm 1 năm, Có trách nhiệm với công việc, Thái độ làm việc tốt ')
GO
INSERT [dbo].[YEUCAUCV] ([IDYeuCau], [IDPhieuDangTuyen], [MoTa]) VALUES (8, 8, N'Không yêu cầu kinh nghiệm, Thái độ làm việc tốt')
GO
INSERT [dbo].[YEUCAUCV] ([IDYeuCau], [IDPhieuDangTuyen], [MoTa]) VALUES (9, 9, N'Không yêu cầu kinh nghiệm, Thái độ làm việc tốt')
GO
INSERT [dbo].[YEUCAUCV] ([IDYeuCau], [IDPhieuDangTuyen], [MoTa]) VALUES (10, 10, N'Không yêu cầu kinh nghiệm, Thái độ làm việc tốt')
GO
INSERT [dbo].[YEUCAUCV] ([IDYeuCau], [IDPhieuDangTuyen], [MoTa]) VALUES (11, 11, N'Không yêu cầu kinh nghiệm, Thái độ làm việc tốt')
GO
INSERT [dbo].[YEUCAUCV] ([IDYeuCau], [IDPhieuDangTuyen], [MoTa]) VALUES (12, 12, N'Kinh nghiệm 2 năm, Có trách nhiệm với công việc, Thái độ làm việc tốt ')
GO
INSERT [dbo].[YEUCAUCV] ([IDYeuCau], [IDPhieuDangTuyen], [MoTa]) VALUES (13, 13, N'Kinh nghiệm 1 năm, Có trách nhiệm với công việc, Thái độ làm việc tốt ')
GO
INSERT [dbo].[YEUCAUCV] ([IDYeuCau], [IDPhieuDangTuyen], [MoTa]) VALUES (14, 14, N'Không yêu cầu kinh nghiệm, Thái độ làm việc tốt')
GO
INSERT [dbo].[YEUCAUCV] ([IDYeuCau], [IDPhieuDangTuyen], [MoTa]) VALUES (15, 15, N'Kinh nghiệm 4 năm, Có trách nhiệm với công việc, Thái độ làm việc tốt ')
GO
INSERT [dbo].[YEUCAUCV] ([IDYeuCau], [IDPhieuDangTuyen], [MoTa]) VALUES (16, 16, N'Không yêu cầu kinh nghiệm, Thái độ làm việc tốt')
GO
INSERT [dbo].[YEUCAUCV] ([IDYeuCau], [IDPhieuDangTuyen], [MoTa]) VALUES (17, 17, N'Không yêu cầu kinh nghiệm, Thái độ làm việc tốt')
GO
INSERT [dbo].[YEUCAUCV] ([IDYeuCau], [IDPhieuDangTuyen], [MoTa]) VALUES (18, 18, N'Kinh nghiệm 3 năm, Có trách nhiệm với công việc, Thái độ làm việc tốt ')
GO
INSERT [dbo].[YEUCAUCV] ([IDYeuCau], [IDPhieuDangTuyen], [MoTa]) VALUES (19, 19, N'Kinh nghiệm 4 năm, Có trách nhiệm với công việc, Thái độ làm việc tốt ')
GO
INSERT [dbo].[YEUCAUCV] ([IDYeuCau], [IDPhieuDangTuyen], [MoTa]) VALUES (20, 20, N'Không yêu cầu kinh nghiệm, Thái độ làm việc tốt')
GO
INSERT [dbo].[YEUCAUCV] ([IDYeuCau], [IDPhieuDangTuyen], [MoTa]) VALUES (21, 21, N'Không yêu cầu kinh nghiệm, Thái độ làm việc tốt')
GO
INSERT [dbo].[YEUCAUCV] ([IDYeuCau], [IDPhieuDangTuyen], [MoTa]) VALUES (22, 22, N'Không yêu cầu kinh nghiệm, Thái độ làm việc tốt')
GO
INSERT [dbo].[YEUCAUCV] ([IDYeuCau], [IDPhieuDangTuyen], [MoTa]) VALUES (23, 23, N'Kinh nghiệm 2 năm, Có trách nhiệm với công việc, Thái độ làm việc tốt ')
GO
INSERT [dbo].[YEUCAUCV] ([IDYeuCau], [IDPhieuDangTuyen], [MoTa]) VALUES (24, 24, N'Không yêu cầu kinh nghiệm, Thái độ làm việc tốt')
GO
INSERT [dbo].[YEUCAUCV] ([IDYeuCau], [IDPhieuDangTuyen], [MoTa]) VALUES (25, 25, N'Không yêu cầu kinh nghiệm, Thái độ làm việc tốt')
GO
INSERT [dbo].[YEUCAUCV] ([IDYeuCau], [IDPhieuDangTuyen], [MoTa]) VALUES (26, 26, N'Không yêu cầu kinh nghiệm, Thái độ làm việc tốt')
GO
INSERT [dbo].[YEUCAUCV] ([IDYeuCau], [IDPhieuDangTuyen], [MoTa]) VALUES (27, 27, N'Không yêu cầu kinh nghiệm, Thái độ làm việc tốt')
GO
INSERT [dbo].[YEUCAUCV] ([IDYeuCau], [IDPhieuDangTuyen], [MoTa]) VALUES (28, 28, N'Không yêu cầu kinh nghiệm, Thái độ làm việc tốt')
GO
INSERT [dbo].[YEUCAUCV] ([IDYeuCau], [IDPhieuDangTuyen], [MoTa]) VALUES (29, 29, N'Kinh nghiệm 2 năm, Có trách nhiệm với công việc, Thái độ làm việc tốt ')
GO
INSERT [dbo].[YEUCAUCV] ([IDYeuCau], [IDPhieuDangTuyen], [MoTa]) VALUES (30, 30, N'Kinh nghiệm 2 năm, Có trách nhiệm với công việc, Thái độ làm việc tốt ')
GO
INSERT [dbo].[YEUCAUCV] ([IDYeuCau], [IDPhieuDangTuyen], [MoTa]) VALUES (31, 31, N'Kinh nghiệm 1 năm, Có trách nhiệm với công việc, Thái độ làm việc tốt ')
GO
INSERT [dbo].[YEUCAUCV] ([IDYeuCau], [IDPhieuDangTuyen], [MoTa]) VALUES (32, 32, N'Kinh nghiệm 5 năm, Có trách nhiệm với công việc, Thái độ làm việc tốt ')
GO
INSERT [dbo].[YEUCAUCV] ([IDYeuCau], [IDPhieuDangTuyen], [MoTa]) VALUES (33, 33, N'Kinh nghiệm 5 năm, Có trách nhiệm với công việc, Thái độ làm việc tốt ')
GO
INSERT [dbo].[YEUCAUCV] ([IDYeuCau], [IDPhieuDangTuyen], [MoTa]) VALUES (34, 34, N'Không yêu cầu kinh nghiệm, Thái độ làm việc tốt')
GO
INSERT [dbo].[YEUCAUCV] ([IDYeuCau], [IDPhieuDangTuyen], [MoTa]) VALUES (35, 35, N'Không yêu cầu kinh nghiệm, Thái độ làm việc tốt')
GO
INSERT [dbo].[YEUCAUCV] ([IDYeuCau], [IDPhieuDangTuyen], [MoTa]) VALUES (36, 36, N'Không yêu cầu kinh nghiệm, Thái độ làm việc tốt')
GO
INSERT [dbo].[YEUCAUCV] ([IDYeuCau], [IDPhieuDangTuyen], [MoTa]) VALUES (37, 37, N'Kinh nghiệm 4 năm, Có trách nhiệm với công việc, Thái độ làm việc tốt ')
GO
INSERT [dbo].[YEUCAUCV] ([IDYeuCau], [IDPhieuDangTuyen], [MoTa]) VALUES (38, 38, N'Kinh nghiệm 1 năm, Có trách nhiệm với công việc, Thái độ làm việc tốt ')
GO
INSERT [dbo].[YEUCAUCV] ([IDYeuCau], [IDPhieuDangTuyen], [MoTa]) VALUES (39, 39, N'Không yêu cầu kinh nghiệm, Thái độ làm việc tốt')
GO
INSERT [dbo].[YEUCAUCV] ([IDYeuCau], [IDPhieuDangTuyen], [MoTa]) VALUES (40, 40, N'Không yêu cầu kinh nghiệm, Thái độ làm việc tốt')
GO
INSERT [dbo].[YEUCAUCV] ([IDYeuCau], [IDPhieuDangTuyen], [MoTa]) VALUES (41, 41, N'Kinh nghiệm 4 năm, Có trách nhiệm với công việc, Thái độ làm việc tốt ')
GO
INSERT [dbo].[YEUCAUCV] ([IDYeuCau], [IDPhieuDangTuyen], [MoTa]) VALUES (42, 42, N'Kinh nghiệm 2 năm, Có trách nhiệm với công việc, Thái độ làm việc tốt ')
GO
INSERT [dbo].[YEUCAUCV] ([IDYeuCau], [IDPhieuDangTuyen], [MoTa]) VALUES (43, 43, N'Kinh nghiệm 1 năm, Có trách nhiệm với công việc, Thái độ làm việc tốt ')
GO
INSERT [dbo].[YEUCAUCV] ([IDYeuCau], [IDPhieuDangTuyen], [MoTa]) VALUES (44, 44, N'Kinh nghiệm 3 năm, Có trách nhiệm với công việc, Thái độ làm việc tốt ')
GO
INSERT [dbo].[YEUCAUCV] ([IDYeuCau], [IDPhieuDangTuyen], [MoTa]) VALUES (45, 45, N'Không yêu cầu kinh nghiệm, Thái độ làm việc tốt')
GO
INSERT [dbo].[YEUCAUCV] ([IDYeuCau], [IDPhieuDangTuyen], [MoTa]) VALUES (46, 46, N'Không yêu cầu kinh nghiệm, Thái độ làm việc tốt')
GO
INSERT [dbo].[YEUCAUCV] ([IDYeuCau], [IDPhieuDangTuyen], [MoTa]) VALUES (47, 47, N'Không yêu cầu kinh nghiệm, Thái độ làm việc tốt')
GO
INSERT [dbo].[YEUCAUCV] ([IDYeuCau], [IDPhieuDangTuyen], [MoTa]) VALUES (48, 48, N'Không yêu cầu kinh nghiệm, Thái độ làm việc tốt')
GO
INSERT [dbo].[YEUCAUCV] ([IDYeuCau], [IDPhieuDangTuyen], [MoTa]) VALUES (49, 49, N'Không yêu cầu kinh nghiệm, Thái độ làm việc tốt')
GO
INSERT [dbo].[YEUCAUCV] ([IDYeuCau], [IDPhieuDangTuyen], [MoTa]) VALUES (50, 50, N'Kinh nghiệm 2 năm, Có trách nhiệm với công việc, Thái độ làm việc tốt ')
GO
SET IDENTITY_INSERT [dbo].[YEUCAUCV] OFF
GO
